id,label
25,249108103168
51,463856467968
7,1623497637888
54,463856467968
82,463856467968
11,1623497637888
29,429496729600
69,463856467968
42,463856467968
73,463856467968
64,463856467968
58,463856467968
3,1623497637888
30,249108103169
34,1340029796352
59,463856467968
33,249108103169
8,1623497637888
48,463856467968
22,867583393792
28,498216206336
16,1425929142272
35,283467841537
67,463856467968
84,1623497637888
71,463856467968
47,463856467968
24,249108103168
9,1623497637888
32,249108103169
5,1623497637888
31,120259084288
56,463856467968
70,463856467968
36,171798691840
10,1623497637888
37,171798691840
27,249108103169
49,463856467968
61,463856467968
75,463856467968
63,463856467968
26,249108103168
65,463856467968
4,1623497637888
46,463856467968
39,463856467968
62,463856467968
12,1425929142272
83,249108103168
77,463856467968
6,1623497637888
13,1623497637888
14,1425929142272
21,249108103168
66,463856467968
72,463856467968
74,463856467968
60,463856467968
68,463856467968
23,249108103168
41,463856467968
76,463856467968
2,1425929142272
55,463856467968
80,1425929142272
50,463856467968
45,463856467968
57,463856467968
38,171798691840
